Genome position,Depth,ref,alt,Frequency %,Annotation,AA change,NEI,AF9,AF11,AF32,AF44
11766,4674,G,A,47.5690726065539,ORF7,p.Thr1023Thr,ATL,1,1,1,1
13410,2660,T,C,99.9247554552295,ORF9,p.Lys567Glu,AM,1,1,1,1
13556,831,C,T,10.3489771359807,ORF9,p.Ser518Asn,ATL,1,0,1,0
16188,1005,G,A,11.0778443113772,ORF10,p.Arg274Lys,ATL,1,0,0,0
17325,2668,T,C,99.9624765478424,ORF11,p.Ile222Thr,AM,1,1,1,1
18953,6213,A,G,99.9033660814946,ORF12,p.Lys96Glu,AM,1,1,1,1
21404,6380,G,A,38.2283650070677,ORF15,p.Arg101Gln,ATL,1,1,1,1
21892,6408,T,A,42.9998439207117,ORF16,p.His22Gln,ATL,1,1,1,1
22357,4899,C,T,44.0695296523517,ORF17,p.Phe49Phe,ATL,1,1,1,1
22428,1446,C,T,8.25242718446602,ORF17,p.Ser73Leu,ATL,1,0,0,1
22736,24327,C,T,47.7583086541626,ORF18,p.Pro43Ser,ATL,1,1,1,1
23337,4264,G,C,99.9765423410744,ORF19,p.Ser270Cys,AM,1,1,1,1
23776,4407,A,C,55.1238354919337,ORF19,p.Ser124Ala,AM,1,1,1,1
24345,11684,G,A,44.0619916088706,ORF20,p.Ile540Ile,ATL,1,1,1,1
24399,1033,G,A,11.046511627907,ORF20,p.Asp522Asp,ATL,1,0,0,0
25640,5143,T,C,42.7348764831745,ORF20,p.Lys109Glu,ATL,1,1,1,1
26274,5597,T,C,52.7718168812589,ORF21,p.Ser906Gly,AM,1,1,1,1
27002,3306,G,A,51.0148439866707,ORF21,p.Ser663Leu,AM,1,1,1,1
27020,3639,C,T,48.7348734873487,ORF21,p.Gly657Asp,ATL,1,1,1,1
27499,4091,A,T,46.849718068154,ORF21,p.Asp497Glu,ATL,1,1,1,1
29343,6052,G,T,21.4580922466523,ORF22,p.Val64Leu,ATL,1,1,1,1
34741,5768,A,T,50.9109838625716,ORF23,p.Pro1087Pro,AM,1,1,1,1
34991,4021,T,C,99.9751181886041,ORF23,p.Lys1004Arg,AM,1,1,1,1
37331,1833,T,A,8.01963993453355,ORF23,p.Asn224Ile,ATL,1,1,0,0
39274,2765,C,T,11.8030412744388,-,,AM,1,1,1,1
39276,2871,C,T,15.7784743991641,-,,AM,1,1,1,1
39277,2915,A,T,17.3704085135599,-,,AM,1,1,1,1
39278,3079,A,T,21.6119597010075,-,,AM,1,1,1,1
39279,3103,A,T,22.4443727829732,-,,AM,1,1,1,1
39333,10076,C,T,41.519364448858,ORF25,p.Arg216Lys,ATL,1,1,1,1
42530,9210,T,A,42.1247012817728,ORF28,p.Leu747Leu,ATL,1,1,1,1
42635,908,T,C,8.71003307607497,ORF28,p.Arg712Arg,ATL,1,0,0,0
43565,6859,C,T,22.5382932166302,ORF28,p.Ala402Ala,ATL,1,1,1,1
43573,7308,C,T,100,ORF28,p.Asp400Asn,AM,1,1,1,1
43607,1657,T,C,7.19033232628399,ORF28,p.Ala388Ala,ATL,1,0,1,0
43735,7357,C,T,42.985440195945,ORF28,p.Asp346Asn,ATL,1,1,1,1
44927,400,C,T,12.5,ORF29,p.Glu47Lys,ATL,1,0,0,0
45533,2179,C,G,57.8923147722043,ORF30,p.Gly128Arg,AM,1,1,1,1
46366,3240,C,T,43.179012345679,ORF31,p.Glu54Lys,ATL,1,1,1,1
47348,5784,C,T,51.6262975778547,ORF32_nf,p.Ser10Phe,AM,1,1,1,1
47613,5987,G,A,44.8108470036826,ORF32_nf,p.Gly98Gly,ATL,1,1,1,1
48888,3179,A,T,14.0384010072395,ORF32_nf,p.Leu523Phe,AM,1,1,1,1
51587,211,C,T,12.3222748815166,ORF39,p.Met174Ile,AM,1,0,0,0
56584,7122,G,A,48.0472042708626,ORF41,p.Asp866Asn,ATL,1,1,1,1
58383,13256,C,T,42.1251226322542,ORF43,p.Phe75Phe,ATL,1,1,1,1
59855,2871,T,C,99.8258446534309,-,,AM,1,1,1,1
60202,3838,T,G,99.9477943095797,-,,AM,1,1,1,1
60547,711,G,A,8.0168776371308,ORFIN.3,p.Glu99Lys,ATL,1,0,1,0
60665,3720,C,T,34.4002151694459,ORFIN.3,p.Ser138Phe,ATL,1,1,1,1
61244,5132,T,A,99.9610060440632,ORFIN.4,p.Phe166Ile,AM,1,1,1,1
61920,5791,C,T,44.6095369730477,ORF44,p.Glu271Lys,ATL,1,1,1,1
62193,6349,G,A,43.6879432624114,ORF44,p.Leu180Leu,ATL,1,1,1,1
62326,5731,A,G,99.8603839441536,ORF44,p.Phe135Phe,AM,1,1,1,1
63339,21501,G,A,35.5938518863531,ORF45,p.Val156Ile,ATL,1,1,1,1
65339,2025,G,T,46.2450592885376,ORF47,p.Lys310Asn,ATL,1,1,1,1
65768,2069,A,T,59.9127484246243,ORF47,p.Lys453Asn,AM,1,1,1,1
65894,2176,G,A,59.6047794117647,ORF47,p.Val495Val,AM,1,1,1,1
66735,372,A,G,11.8279569892473,ORF47,p.Thr776Ala,AM,1,0,0,0
66759,3224,G,A,41.9615145872129,ORF47,p.Glu784Lys,ATL,1,1,1,1
67860,1015,G,A,9.37808489634748,ORF47,p.Asp1151Asn,ATL,1,0,0,1
70758,2443,G,A,45.2312730249693,ORF49,p.Val635Val,ATL,1,1,1,1
71502,358,C,T,8.37988826815642,ORF49,p.Phe883Phe,ATL,1,0,0,0
72086,494,T,C,6.08519269776876,ORF49,p.Ile1078Thr,ATL,1,0,0,0
72119,5134,A,G,99.9415204678363,ORF49,p.Lys1089Arg,AM,1,1,1,1
73172,2628,G,A,7.57518081461743,-,,ATL,1,1,0,0
74556,4675,C,T,50.2677232812165,ORF50.1_nf,p.Val123Val,AM,1,1,1,1
75589,9163,G,A,43.5015290519878,ORF51,p.Ile785Ile,ATL,1,1,1,1
79478,9399,G,A,6.98615548455804,ORF53,p.Glu265Lys,ATL,1,1,1,0
80895,2839,A,G,100,ORF54,p.Ser202Gly,AM,1,1,1,1
81056,3905,G,A,42.1943091514996,ORF54,p.Arg255Arg,ATL,1,1,1,1
81275,4521,C,T,42.4524125719345,ORF54,p.Tyr328Tyr,ATL,1,1,1,1
81579,4210,C,T,45.7224334600761,ORF54,p.Leu430Leu,ATL,1,1,1,1
82296,486,G,A,7.61316872427984,ORF54,p.Asp669Asn,ATL,1,0,0,0
83493,2413,G,A,9.00788709007887,ORF56,p.Leu3Leu,ATL,1,1,0,0
83606,4539,T,C,100,ORF56,p.Phe41Ser,AM,1,1,1,1
83836,4424,G,A,49.1176470588235,ORF56,p.Asp118Asn,ATL,1,1,1,1
86440,5170,G,A,13.0973108918553,ORF58,p.Arg454Arg,AM,1,1,1,1
87399,2650,T,G,46.3894139886579,ORF59,p.Thr221Thr,ATL,1,1,1,1
87730,2522,G,A,8.57823669579031,ORF59,p.Asp332Asn,ATL,1,1,1,0
90431,3946,T,C,44.1176470588235,ORF60,p.Ser279Ser,ATL,1,1,1,1
90848,2166,C,T,11.5473441108545,ORF60,p.Lys140Lys,ATL,1,1,0,0
90894,2328,A,C,11.4655172413793,ORF60,p.Val125Gly,ATL,1,1,1,0
93342,3953,G,A,11.144883485309,-,,ATL,1,1,1,0
93876,2199,C,T,8.9171974522293,ORF64,p.Asp308Asn,ATL,1,1,1,0
95619,9311,G,C,59.4670105308403,ORF65.1_nf,p.Thr201Arg,AM,1,1,1,1
95690,9571,G,A,49.0853977213338,ORF65.1_nf,p.Ile177Ile,AM,1,1,1,1
95887,9924,C,T,8.90390238983564,ORF65.1_nf,p.Glu112Lys,ATL,1,1,1,0
95975,6845,C,T,8.51781263744319,ORF65.1_nf,p.Leu82Leu,ATL,1,1,1,0
96057,772,T,C,9.74025974025974,ORF65.1_nf,p.Asp55Gly,ATL,1,0,0,0
96561,7623,T,C,53.1914893617021,ORF65.2_nf,p.Asp123Gly,AM,1,1,1,1
97930,2975,C,T,43.1886982845611,ORF66,p.Asp803Asn,ATL,1,1,1,1
99658,2279,G,A,44.2054433713784,ORF66,p.His227Tyr,ATL,1,1,1,1
100091,1916,T,A,99.9476987447699,ORF66,p.Lys82Asn,AM,1,1,1,1
103523,9666,C,A,41.3689551620586,ORF68,p.Asp394Tyr,ATL,1,1,1,1
105821,2710,T,G,11.7473217584041,ORF69,p.Asn114Thr,ATL,1,1,1,0
107116,6447,C,T,39.9316345556246,ORF70,p.Glu44Lys,ATL,1,1,1,1
109630,7283,C,T,43.8856828799121,-,,ATL,1,1,1,1
109868,5545,G,A,46.2565397799026,-,,AM,1,1,1,1
109946,5919,G,A,9.95436876795674,ORF73.1_nf,p.Asp19Asn,ATL,1,1,1,0
111866,4721,C,T,47.3405382496292,ORF75,p.Val204Ile,AM,1,1,1,1
112119,1610,C,T,6.28500311138768,ORF75,p.Gln119Gln,AM,1,0,0,1
115467,1984,G,A,40.22233451238,ORF77,p.Arg3Gln,ATL,1,1,1,1
117243,1432,A,G,7.40740740740741,ORF77,p.Gln595Arg,ATL,1,0,1,0
119221,3344,T,C,11.0144057623049,ORF77,p.Gly1254Gly,ATL,1,1,1,0
120635,1922,T,C,99.9479166666667,ORF78,p.Phe443Ser,AM,1,1,1,1
121853,245,C,A,11.8367346938776,ORF78,p.Thr849Asn,ATL,1,0,0,0
121866,3227,A,G,54.2299349240781,ORF78,p.Pro853Pro,AM,1,1,1,1
123002,6868,C,T,36.315866296891,ORF79,p.Val75Val,ATL,1,1,1,1
123511,28909,A,T,99.9273104880582,ORF80,p.Tyr77Phe,AM,1,1,1,1
123718,3206,C,A,62.4843945068664,-,,AM,1,1,1,1
123720,2998,T,A,63.1842456608812,-,,AM,1,1,1,1
123721,2915,G,A,62.6418988648091,-,,AM,1,1,1,1
123724,1984,T,A,47.9072112960161,-,,AM,1,1,1,1
125311,2339,T,A,45.038494439692,-,,AM,1,1,1,1
125313,2251,T,A,42.4,-,,AM,1,1,1,1
125584,11374,C,T,42.6748790145183,ORF83,p.Ala285Thr,ATL,1,1,1,1
126371,2441,A,T,12.1821164889254,ORF83,p.Tyr22*,ATL,1,1,1,1
128375,5411,G,A,99.9445368829728,ORF85,p.Asp525Asn,AM,1,1,1,1
129217,6456,G,A,10.8217054263566,ORF86,p.Ter136Ter,ATL,1,1,1,0
130527,12024,G,A,38.4781884781885,ORF88,p.Gln230Gln,ATL,1,1,1,1
130979,10448,T,G,99.9520981030849,ORF88,p.Val381Gly,AM,1,1,1,1
130997,9899,C,T,99.9191429148979,ORF88,p.Thr387Met,AM,1,1,1,1
132809,8519,C,T,99.9060371153394,ORF89,p.Ser225Leu,AM,1,1,1,1
132851,2607,C,T,16.4425662696888,ORF89,p.Thr239Ile,AM,1,1,1,1
132853,2765,G,T,33.2850416515755,ORF89,p.Ala240Ser,AM,1,1,1,1
132854,2756,C,T,34.1693929480189,ORF89,p.Ala240Val,AM,1,1,1,1
132855,2677,A,T,36.390977443609,ORF89,p.Ala240Ala,AM,1,1,1,1
132858,2788,G,T,22.9996411912451,ORF89,p.Leu241Phe,AM,1,1,1,1
133396,27458,C,T,39.3746127774336,ORF90,p.Ala140Ala,ATL,1,1,1,1
134615,1966,A,G,99.9491094147583,ORF91,p.Ile133Ile,AM,1,1,1,1
135878,5906,A,G,10.185028008827,ORF93,p.Trp342Arg,ATL,1,1,1,0
135926,5891,C,T,39.2899609308646,ORF93,p.Asp326Asn,ATL,1,1,1,1
137509,2343,G,T,99.8288403936671,ORF94,p.Ala202Ser,AM,1,1,1,1
138092,7189,A,C,23.2707028531663,ORF95,p.Asn20Thr,ATL,1,1,1,1
138465,4027,G,A,9.17225950782998,ORF95,p.Leu144Leu,ATL,1,1,1,0
141655,2164,C,T,43.5707678075856,ORF98,p.Tyr258Tyr,AM,1,1,1,1
142394,4016,G,A,43.6377245508982,ORF98,p.Glu505Lys,ATL,1,1,1,1
142399,3359,C,T,9.52948183442525,ORF98,p.Asp506Asp,ATL,1,1,1,0
142454,4941,G,A,8.42275764324762,ORF98,p.Asp525Asn,ATL,1,1,1,0
144062,3529,T,C,52.4417944349801,-,,ATL,1,1,1,1
144575,3979,T,C,99.9496728736789,ORF100,p.Phe109Leu,AM,1,1,1,1
144697,3315,A,G,38.5429262394196,ORF100,p.Gly149Gly,ATL,1,1,1,1
145486,323,G,A,11.4906832298137,ORF100,p.Leu412Leu,AM,1,0,0,0
145675,344,C,A,10.2040816326531,ORF100,p.Leu475Leu,ATL,1,0,0,0
148939,4005,C,T,10.2474381404649,ORF100,p.Val1563Val,ATL,1,1,1,0
149144,3848,G,A,49.9610085781128,ORF100,p.Asp1632Asn,AM,1,1,1,1
149681,2537,G,A,46.2721893491124,ORF100,p.Glu1811Lys,ATL,1,1,1,1
150070,2563,G,A,46.3519313304721,ORF101,p.Glu33Lys,AM,1,1,1,1
153070,7700,G,A,40.5742497076783,ORF103,p.Glu43Lys,ATL,1,1,1,1
153223,6706,G,A,47.8358208955224,ORF103,p.Gly94Arg,AM,1,1,1,1
153224,6758,G,A,48.5189573459716,ORF103,p.Gly94Glu,AM,1,1,1,1
153274,6294,C,T,11.381338419965,ORF103,p.Leu111Leu,ATL,1,1,1,0
153848,8362,C,T,22.7887492519449,ORF103,p.Ser302Leu,ATL,1,1,1,1
155257,19141,G,A,41.1537053501386,ORF104,p.Arg298Arg,ATL,1,1,1,1
156372,20264,C,T,17.3792831045719,ORF104,p.Ser670Leu,ATL,1,1,1,1
157884,23790,C,T,36.6731190035348,ORF104,p.Ala1174Val,ATL,1,1,1,1
158149,4145,T,G,18.7831965234186,ORF105.1_nf,p.Gln229His,ATL,1,1,1,1
158166,3936,G,A,9.04471544715447,ORF105.1_nf,p.Arg224Cys,ATL,1,1,1,0
158300,3889,G,A,39.6809058157488,ORF105.1_nf,p.Ser179Leu,ATL,1,1,1,1
158419,3779,C,T,39.6346306592534,ORF105.1_nf,p.Tyr139*,ATL,1,1,1,1
158559,243,T,G,13.9917695473251,ORF105.1_nf,p.Thr93Pro,AM,1,0,0,0
159696,3457,G,A,44.8335745296671,-,,ATL,1,1,1,1
159887,3800,G,A,99.9473268369766,ORF106,p.Leu458Leu,AM,1,1,1,1
160511,5229,T,A,41.8947368421053,ORF106,p.Glu250Asp,ATL,1,1,1,1
160649,4389,C,T,19.4666058810121,ORF106,p.Leu204Leu,ATL,1,1,1,1
162485,21958,C,T,37.3251310093415,ORF107,p.Pro368Ser,ATL,1,1,1,1
162840,29421,G,A,65.3321541549032,ORF107,p.Arg486Lys,AM,1,1,1,1
163538,6499,T,A,39.9507161558602,-,,AM,1,1,1,1
163540,6441,T,A,39.1547545059043,-,,AM,1,1,1,1
163542,6037,T,A,32.2446949602122,-,,AM,1,1,1,1
163543,5991,G,A,30.9273182957394,-,,AM,1,1,1,1
163545,5150,C,A,18.6322129395765,-,,AM,1,1,1,1
163565,4526,G,A,39.4649568870219,-,,ATL,1,1,1,1
163616,7897,A,G,44.7148288973384,-,,ATL,1,1,1,1
163653,10701,T,C,99.9158249158249,-,,AM,1,1,1,1
163823,10371,G,A,36.2995849821446,ORF108,p.Glu52Lys,ATL,1,1,1,1
164083,7565,T,C,7.71266040481545,ORF108,p.Asp138Asp,AM,1,0,0,1
164399,13085,G,A,56.1162079510704,ORF108,p.Glu244Lys,AM,1,1,1,1
166278,197,T,G,13.1979695431472,ORF109,p.Leu582Val,ATL,1,0,0,0
166295,1939,C,T,55.8307533539732,ORF109,p.Phe587Phe,AM,1,1,1,1
166472,1879,G,A,46.0021321961621,ORF109,p.Leu646Leu,AM,1,1,1,1
166634,2122,G,A,43.6852026390198,ORF109,p.Thr700Thr,AM,1,1,1,1
167151,2345,C,T,43.9419795221843,ORF109,p.Arg873Cys,ATL,1,1,1,1
167296,11221,G,A,40.2123483226267,ORF110,p.Val15Ile,ATL,1,1,1,1
168846,1655,G,A,8.04111245465538,ORF111,p.Ser51Leu,ATL,1,0,0,1
168853,7804,C,T,43.8101347017319,ORF111,p.Glu49Lys,AM,1,1,1,1
169597,11495,C,T,19.8136213203275,ORF112,p.Ile159Ile,ATL,1,1,1,1
169611,11516,C,T,42.4252953439889,ORF112,p.Ala164Val,ATL,1,1,1,1
169793,14920,C,A,20.394472024688,ORF112,p.Leu225Met,ATL,1,1,1,1
171121,18832,G,A,38.2121598639456,ORF113,p.Leu202Leu,ATL,1,1,1,1
190718,2638,C,T,41.1921032649962,ORF123,p.Met207Ile,ATL,1,1,1,1
190727,192,G,A,14.5833333333333,ORF123,p.Val204Val,ATL,1,0,0,0
192504,11433,T,C,20.063135741845,ORF124,p.Lys288Glu,ATL,1,1,1,1
193057,8104,G,A,7.74169650574145,ORF124,p.Val103Val,AM,1,1,1,0
193236,10107,C,T,45.0495049504951,ORF124,p.Glu44Lys,ATL,1,1,1,1
193307,9058,G,A,41.1329505300353,ORF124,p.Ser20Phe,ATL,1,1,1,1
193308,7270,A,T,10.6429849924274,ORF124,p.Ser20Thr,ATL,1,1,1,0
193316,7115,T,G,10.5736782902137,ORF124,p.His17Pro,ATL,1,1,1,0
193317,7087,G,C,10.5069905380596,ORF124,p.His17Asp,ATL,1,1,1,0
9784,1501,G,A,25.8,ORF7,p.Glu363Lys,ATL,0,1,1,1
12391,309,C,T,49.8371335504886,ORF8,p.Leu284Leu,ATL,0,1,0,0
19641,1107,C,A,13.6487716105551,-,,ATL,0,1,1,0
20748,302,A,G,99.3377483443709,ORF14,p.Asn193Asp,ATL,0,1,0,0
20768,207,G,A,44.4444444444444,-,,ATL,0,1,0,0
21392,3004,A,G,5.7352450816939,ORF15,p.Glu97Gly,ATL,0,1,1,0
22488,1345,C,T,54.275092936803,ORF17,p.Ser93Leu,AM,0,1,1,1
22914,693,T,A,11.5440115440115,-,,ATL,0,1,0,0
22917,1079,T,A,86.6419294990724,-,,ATL,0,1,1,1
22918,1055,T,A,86.039886039886,-,,ATL,0,1,1,1
22919,860,C,A,84.6332945285216,-,,ATL,0,1,0,1
22921,782,T,A,83.3759590792839,-,,ATL,0,1,0,1
22923,316,T,A,66.7721518987342,-,,ATL,0,1,0,0
22924,217,C,A,49.3087557603687,-,,ATL,0,1,0,0
22929,241,A,T,33.195020746888,-,,ATL,0,1,0,0
24098,978,A,T,10.2354145342886,ORF19,p.Ile16Ile,ATL,0,1,0,0
24099,1471,A,T,13.7414965986395,ORF19,p.Ile16Asn,ATL,0,1,1,1
24101,1472,G,T,14.0136054421769,ORF19,p.Ser15Arg,ATL,0,1,1,1
24102,1452,C,T,14.2068965517241,ORF19,p.Ser15Asn,ATL,0,1,1,1
27903,2052,C,T,25.2559726962457,ORF21,p.Glu363Lys,ATL,0,1,0,1
27905,2225,C,T,23.7859712230216,ORF21,p.Gly362Glu,ATL,0,1,0,1
38035,392,G,T,22.4226804123711,-,,ATL,0,1,0,0
38036,445,C,T,17.7927927927928,-,,ATL,0,1,0,0
39273,1495,A,T,8.2943143812709,-,,ATL,0,1,0,0
41229,638,G,T,27.5590551181102,-,,ATL,0,1,0,0
41230,701,A,T,40.2282453637661,-,,AM,0,1,0,0
41232,1427,A,T,58.7245970567625,-,,AM,0,1,1,1
41234,1466,C,T,56.8493150684932,-,,AM,0,1,1,1
41235,1507,A,T,58.0623755806238,-,,AM,0,1,1,1
41236,1515,A,T,58.1902245706737,-,,AM,0,1,1,1
42154,624,G,T,23.2744783306581,-,,ATL,0,1,0,0
46651,834,A,G,99.7599039615846,-,,AM,0,1,0,0
46730,952,G,C,8.92857142857143,-,,ATL,0,1,0,0
46732,989,T,G,10.3238866396761,-,,ATL,0,1,0,0
46733,1012,T,G,12.0925341745531,-,,ATL,0,1,0,0
46734,1060,A,G,12.9489603024575,-,,ATL,0,1,0,0
46735,1122,T,G,8.87096774193548,-,,ATL,0,1,0,0
46737,1093,A,T,12.0404411764706,-,,ATL,0,1,0,0
46739,1194,C,G,20.8892617449664,-,,ATL,0,1,0,0
48882,3697,C,T,7.25697265096128,ORF32_nf,p.Asp521Asp,ATL,0,1,1,1
48884,3396,G,T,10.5449189985272,ORF32_nf,p.Trp522Leu,AM,0,1,1,1
48885,3311,G,T,11.178247734139,ORF32_nf,p.Trp522Phe,AM,0,1,1,1
59312,204,C,T,53.6945812807882,ORFIN.1,p.Ser162Phe,ATL,0,1,0,0
59477,318,T,C,92.4528301886792,ORFIN.2,p.Thr43Thr,ATL,0,1,0,0
59974,1692,C,T,45.2127659574468,-,,ATL,0,1,1,1
61725,827,C,T,9.07990314769976,ORFIN.4,p.Ser326Leu,ATL,0,1,0,0
61726,793,A,T,9.72222222222222,ORFIN.4,p.Ser326Ser,ATL,0,1,0,0
61728,710,G,T,11.3997113997114,ORFIN.4,p.Ter327Leuext*?,ATL,0,1,0,0
61729,622,A,T,12.3993558776167,ORFIN.4,p.Ter327Cysext*?,ATL,0,1,0,0
61730,605,A,T,12.8925619834711,-,,ATL,0,1,0,0
61798,2011,T,G,16.2686567164179,-,,ATL,0,1,1,1
63684,1422,T,A,23.2067510548523,-,,AM,0,1,1,1
63686,1407,C,A,63.9658848614073,-,,AM,0,1,1,1
63687,1120,T,A,55.2678571428572,-,,AM,0,1,1,1
63688,917,T,A,53.879781420765,-,,ATL,0,1,1,0
63689,577,G,A,35.1819757365685,-,,ATL,0,1,0,0
63690,562,C,A,32.9768270944742,-,,ATL,0,1,0,0
63691,556,T,A,32.6126126126126,-,,ATL,0,1,0,0
63693,468,T,A,20.7264957264957,-,,ATL,0,1,0,0
64413,1449,G,A,44.7895100069013,ORF47,p.Glu2Lys,ATL,0,1,1,1
64426,1559,T,C,52.7366387636832,ORF47,p.Val6Ala,ATL,0,1,1,1
64895,725,G,A,51.1724137931035,ORF47,p.Lys162Lys,ATL,0,1,0,0
64955,1310,A,G,99.8472116119175,ORF47,p.Glu182Glu,AM,0,1,1,1
65600,1766,T,C,49.6883852691218,ORF47,p.Thr397Thr,ATL,0,1,1,1
68836,458,A,C,39.6061269146608,-,,ATL,0,1,0,0
70916,2676,C,T,25.4674644727001,ORF49,p.Ala688Val,ATL,0,1,1,1
71384,1953,G,A,6.30122950819672,ORF49,p.Gly844Glu,ATL,0,1,0,0
73434,1032,C,T,7.85645004849661,-,,AM,0,1,0,0
80297,413,T,A,45.4987834549878,ORF54,p.Asn2Lys,ATL,0,1,0,0
80299,426,C,A,42.7230046948357,ORF54,p.Thr3Lys,ATL,0,1,0,0
80301,589,G,A,15.9592529711375,ORF54,p.Val4Ile,ATL,0,1,0,0
80302,675,T,A,11.4074074074074,ORF54,p.Val4Asp,ATL,0,1,0,0
82714,422,G,T,25.3588516746412,ORF54,p.Ter808Leuext*?,ATL,0,1,0,0
82715,416,A,T,26.2019230769231,ORF54,p.Ter808Cysext*?,ATL,0,1,0,0
85043,318,T,A,58.3596214511041,-,,ATL,0,1,0,0
85044,316,C,A,58.5443037974684,-,,ATL,0,1,0,0
87319,1863,G,A,5.96774193548387,ORF59,p.Glu195Lys,ATL,0,1,0,0
91435,857,C,T,47.7246207701284,-,,ATL,0,1,0,0
92018,1573,G,A,41.0680228862047,ORF61,p.Glu192Lys,ATL,0,1,1,1
93597,1450,C,T,51.0344827586207,-,,AM,0,1,0,1
93598,1178,C,T,8.06451612903226,-,,ATL,0,1,0,0
94225,1067,C,T,8.44277673545966,ORF64,p.Ser191Ser,ATL,0,1,0,0
94839,347,A,T,23.4104046242775,-,,ATL,0,1,0,0
94840,353,C,T,24.3626062322946,-,,ATL,0,1,0,0
94841,358,A,T,25.1396648044693,-,,ATL,0,1,0,0
94842,410,G,T,33.4146341463415,-,,ATL,0,1,0,0
94843,400,A,T,36.0902255639098,-,,ATL,0,1,0,0
94845,388,A,T,37.7604166666667,-,,ATL,0,1,0,0
100641,701,C,T,31.3837375178317,-,,ATL,0,1,0,0
100770,1384,C,A,100,ORF67,p.Asn7Lys,AM,0,1,1,1
101031,2226,C,T,15.4537286612758,ORF67,p.Ile94Ile,ATL,0,1,1,1
101160,1604,C,T,23.3936369307548,ORF67,p.Val137Val,ATL,0,1,0,1
102592,221,G,T,68.7782805429864,-,,ATL,0,1,0,0
102594,236,A,T,71.9148936170213,-,,ATL,0,1,0,0
102596,233,A,T,66.5236051502146,-,,ATL,0,1,0,0
106162,549,G,T,27.6867030965392,-,,ATL,0,1,0,0
106163,340,A,T,47.6470588235294,-,,ATL,0,1,0,0
106166,350,A,T,50.1432664756447,-,,ATL,0,1,0,0
106168,361,G,T,49.0304709141274,-,,ATL,0,1,0,0
106628,5886,T,G,6.08843537414966,-,,ATL,0,1,0,1
109411,1336,C,A,23.8380809595202,-,,AM,0,1,1,1
109413,1312,T,A,21.2260536398467,-,,AM,0,1,1,1
111302,372,A,T,25.5376344086022,-,,ATL,0,1,0,0
111304,495,A,T,46.4646464646465,-,,ATL,0,1,0,0
111306,498,A,T,35.6854838709677,-,,ATL,0,1,0,0
111314,508,T,A,26.6932270916335,-,,ATL,0,1,0,0
111316,502,C,A,25.3493013972056,-,,ATL,0,1,0,0
111710,1137,G,T,7.62411347517731,-,,ATL,0,1,0,0
113019,256,G,A,32.156862745098,-,,ATL,0,1,0,0
113322,196,G,A,43.3673469387755,ORF76,p.Arg6Gln,ATL,0,1,0,0
114025,754,T,A,46.7463479415671,ORF76,p.Asn240Lys,ATL,0,1,0,0
120830,1356,G,T,43.271375464684,ORF78,p.Gly508Val,ATL,0,1,1,1
123725,1035,C,A,23.0917874396135,-,,AM,0,1,0,1
125255,2314,A,T,6.23376623376623,-,,ATL,0,1,0,0
125257,2294,A,T,7.18982902235862,-,,ATL,0,1,0,0
125258,3559,A,T,6.88876341050254,-,,ATL,0,1,1,1
125316,1598,T,A,25.7983719474014,-,,AM,0,1,1,1
125317,1159,T,A,14.5203111495246,-,,ATL,0,1,0,1
126366,1742,A,T,5.05747126436782,ORF83,p.Met24Lys,ATL,0,1,0,0
126368,1958,A,T,9.11418330773169,ORF83,p.Thr23Thr,ATL,0,1,1,0
126369,2267,G,T,10.2824360105914,ORF83,p.Thr23Asn,ATL,0,1,1,1
126373,2098,A,T,12.4164278892073,ORF83,p.Tyr22Asn,ATL,0,1,1,1
126374,1438,C,T,7.30688935281837,ORF83,p.Lys21Lys,ATL,0,1,0,0
129781,410,C,A,57.4572127139364,-,,ATL,0,1,0,0
129782,401,T,A,56.75,-,,ATL,0,1,0,0
129785,277,T,A,35.7400722021661,-,,ATL,0,1,0,0
129786,266,C,A,33.4586466165414,-,,ATL,0,1,0,0
132087,412,C,A,52.8117359413203,-,,ATL,0,1,0,0
132088,410,T,A,51.9512195121951,-,,ATL,0,1,0,0
132089,417,T,A,51.0843373493976,-,,ATL,0,1,0,0
132090,414,G,A,50.1210653753027,-,,ATL,0,1,0,0
132093,322,T,A,33.6448598130841,-,,ATL,0,1,0,0
132861,2134,A,G,5.57184750733138,ORF89,p.Leu242Leu,ATL,0,1,0,0
133020,7919,C,T,5.50922415971696,ORF90,p.Glu266Lys,ATL,0,1,0,0
135010,625,C,T,26.0032102728732,ORF91,p.Asp2Asn,ATL,0,1,0,0
135011,651,C,T,30.3543913713405,ORF91,p.Met1?,AM,0,1,0,0
135012,648,A,T,32.1483771251932,ORF91,p.Met1?,AM,0,1,0,0
135043,742,T,C,98.110661268556,-,,AM,0,1,0,0
139786,669,A,T,12.743628185907,-,,ATL,0,1,0,0
142621,359,C,T,41.0614525139665,ORF98,p.Phe580Phe,ATL,0,1,0,0
142928,238,G,T,86.9747899159664,-,,ATL,0,1,0,0
142931,270,A,T,77.7777777777778,-,,ATL,0,1,0,0
143915,3233,T,G,23.7933168316832,-,,ATL,0,1,1,1
150568,564,G,T,21.1743772241993,ORF101,p.Asp199Tyr,ATL,0,1,0,0
150569,552,A,T,21.7785843920145,ORF101,p.Asp199Val,ATL,0,1,0,0
150607,273,C,T,35.6617647058824,-,,ATL,0,1,0,0
154293,396,T,A,24.9363867684478,-,,ATL,0,1,0,0
158062,1580,C,A,12.4841571609632,-,,ATL,0,1,1,0
158065,1491,C,A,44.862323707186,-,,AM,0,1,1,1
158067,703,T,A,13.9800285306705,-,,ATL,0,1,0,0
158068,692,T,A,11.1273792093704,-,,ATL,0,1,0,0
163546,2326,T,A,7.78159931212382,-,,AM,0,1,0,0
164503,238,T,A,78.1512605042017,-,,ATL,0,1,0,0
164504,235,T,A,79.9145299145299,-,,ATL,0,1,0,0
165071,900,T,C,24.4444444444444,ORF109,p.Gly179Gly,ATL,0,1,0,0
168039,636,A,T,13.8364779874214,ORF110,p.Ter262Cysext*?,ATL,0,1,0,0
168042,679,G,T,13.4218289085546,-,,ATL,0,1,0,0
168044,674,A,T,13.6498516320475,-,,ATL,0,1,0,0
168119,879,C,T,33.8654503990878,-,,AM,0,1,0,0
171494,1023,G,A,40.2355250245339,ORF114,p.Leu3Leu,AM,0,1,1,0
171530,450,T,A,84.6325167037862,ORF114,p.Tyr15*,ATL,0,1,0,0
171532,435,T,A,89.4009216589862,ORF114,p.Ile16Lys,ATL,0,1,0,0
190366,249,A,G,100,-,,ATL,0,1,0,0
190917,1536,T,A,44.5602605863192,ORF123,p.Tyr141Phe,ATL,0,1,1,1
191018,961,A,T,13.111342351717,ORF123,p.Asn107Lys,AM,0,1,0,0
191881,203,A,T,48.768472906404,-,,ATL,0,1,0,0
191883,212,A,A,50,-,,ATL,0,1,0,0
191884,217,A,T,52.3148148148148,-,,ATL,0,1,0,0
191885,220,A,T,52.2727272727273,-,,ATL,0,1,0,0
192075,11466,T,C,17.3563820499389,ORF124,p.Met431Val,ATL,0,1,1,1
19275,505,A,T,6.93069306930693,-,,ATL,0,0,1,0
74171,585,C,T,11.4529914529915,ORF50.1_nf,p.Glu252Lys,ATL,0,0,1,0
96631,1321,C,T,5.15542077331312,ORF65.2_nf,p.Glu100Glu,ATL,0,0,1,0
131902,2596,G,A,7.6271186440678,ORF88,p.Asp689Asn,ATL,0,0,1,0
15733,1572,G,A,7.00636942675159,ORF10,p.Glu122Glu,ATL,0,0,0,1
21123,653,G,A,5.52147239263804,ORF15,p.Leu7Leu,ATL,0,0,0,1
40738,1005,C,T,6.86567164179105,ORF26,p.Pro238Ser,ATL,0,0,0,1
115875,658,C,T,7.45814307458143,ORF77,p.Thr139Met,ATL,0,0,0,1
